{"content":[{"id":"633781f0","settings":{"flex_direction":"row","flex_gap":{"unit":"px","size":20,"column":"20","row":"0"},"flex_align_items_tablet":"center","padding":{"unit":"px","top":"0","right":"0","bottom":"50","left":"0","isLinked":false}},"elements":[{"id":"5bdd5be","settings":{"flex_direction":"column","content_width":"full","width":{"unit":"%","size":"50"}},"elements":[{"id":"36b72347","settings":{"content_width":"full","title":"Don't Hesitate to\nContact With Us","typography_typography":"custom","typography_font_family":"Source Serif Pro","typography_font_size":{"unit":"px","size":62,"sizes":[]},"typography_font_weight":"600","typography_line_height":{"unit":"em","size":1.2,"sizes":[]},"typography_font_size_tablet":{"unit":"px","size":30,"sizes":[]},"typography_font_size_mobile":{"unit":"px","size":30,"sizes":[]}},"elements":[],"isInner":false,"widgetType":"heading","elType":"widget"},{"id":"2b7c59db","settings":{"content_width":"full","editor":"<p>Our mission is to revolutionize the way businesses operate by leveraging the latest advancements in technology. We are committed to delivering exceptional software solutions that drive efficiency, productivity, and growth.<\/p>","typography_typography":"custom","typography_font_family":"Poppins","typography_font_weight":"400","typography_font_size_tablet":{"unit":"px","size":14,"sizes":[]},"typography_font_size_mobile":{"unit":"px","size":12,"sizes":[]},"typography_line_height_mobile":{"unit":"em","size":2,"sizes":[]}},"elements":[],"isInner":false,"widgetType":"text-editor","elType":"widget"}],"isInner":true,"elType":"container"},{"id":"65b523c9","settings":{"flex_direction":"column","content_width":"full","width":{"unit":"%","size":"50"}},"elements":[{"id":"fd53110","settings":{"content_width":"full","shortcode":"[contact-form-7 id=\"e13188b\" title=\"Contact form 1\"]"},"elements":[],"isInner":false,"widgetType":"shortcode","elType":"widget"}],"isInner":true,"elType":"container"}],"isInner":false,"elType":"container"},{"id":"436a7d35","settings":{"flex_direction":"column"},"elements":[{"id":"471d0a02","settings":{"content_width":"full","address":"London Eye, London, United Kingdom","zoom":{"unit":"px","size":15,"sizes":[]}},"elements":[],"isInner":false,"widgetType":"google_maps","elType":"widget"}],"isInner":false,"elType":"container"}],"page_settings":[],"version":"0.4","title":"Digital 2024 - Contact Page","type":"page"}