{"content":[{"id":"3b9e3bd5","settings":{"flex_direction":"row","flex_gap":{"unit":"px","size":20,"column":"20","row":"0"},"flex_align_items_tablet":"center","padding":{"unit":"px","top":"0","right":"0","bottom":"50","left":"0","isLinked":false}},"elements":[{"id":"6c843c04","settings":{"flex_direction":"column","content_width":"full","width":{"unit":"%","size":"50"}},"elements":[{"id":"31cee8e0","settings":{"content_width":"full","title":"Pioneering Tomorrow's Digital Frontier","typography_typography":"custom","typography_font_family":"Source Serif Pro","typography_font_size":{"unit":"px","size":62,"sizes":[]},"typography_font_weight":"600","typography_line_height":{"unit":"em","size":1.2,"sizes":[]},"typography_font_size_tablet":{"unit":"px","size":30,"sizes":[]},"typography_font_size_mobile":{"unit":"px","size":30,"sizes":[]}},"elements":[],"isInner":false,"widgetType":"heading","elType":"widget"},{"id":"d9e3a05","settings":{"content_width":"full","editor":"<p>Our mission is to revolutionize the way businesses operate by leveraging the latest advancements in technology. We are committed to delivering exceptional software solutions that drive efficiency, productivity, and growth.<\/p>","typography_typography":"custom","typography_font_family":"Poppins","typography_font_weight":"400","typography_font_size_tablet":{"unit":"px","size":14,"sizes":[]},"typography_font_size_mobile":{"unit":"px","size":12,"sizes":[]},"typography_line_height_mobile":{"unit":"em","size":2,"sizes":[]}},"elements":[],"isInner":false,"widgetType":"text-editor","elType":"widget"}],"isInner":true,"elType":"container"},{"id":"54a20f5b","settings":{"flex_direction":"column","content_width":"full","width":{"unit":"%","size":"50"}},"elements":[{"id":"71acac0a","settings":{"content_width":"full","image":{"url":"https:\/\/digi.blogdu.de\/wp-content\/uploads\/2024\/10\/239.jpg","id":129,"size":"","alt":"","source":"library"},"image_size":"full","image_border_radius":{"unit":"px","top":"10","right":"10","bottom":"10","left":"10","isLinked":true}},"elements":[],"isInner":false,"widgetType":"image","elType":"widget"}],"isInner":true,"elType":"container"}],"isInner":false,"elType":"container"},{"id":"268cafd5","settings":{"flex_direction":"column","padding":{"unit":"px","top":"100","right":"0","bottom":"100","left":"0","isLinked":false},"background_background":"classic","background_color":"#F8F6F0"},"elements":[{"id":"379486bb","settings":{"content_width":"full","title":"Why us?","align":"center","typography_typography":"custom","typography_font_family":"Source Serif Pro","typography_font_size":{"unit":"px","size":50,"sizes":[]},"typography_font_weight":"600","text_stroke_text_stroke":{"unit":"px","size":0,"sizes":[]},"_border_border":"none","_border_width":{"unit":"px","top":"0","right":"0","bottom":"1","left":"0","isLinked":false}},"elements":[],"isInner":false,"widgetType":"heading","elType":"widget"},{"id":"3cb6d785","settings":{"content_width":"full","width":{"unit":"px","size":75,"sizes":[]},"width_tablet":{"unit":"px","size":"","sizes":[]},"width_mobile":{"unit":"px","size":"","sizes":[]},"align":"center","text":"Divider","color":"#704FE6","weight":{"unit":"px","size":3,"sizes":[]},"gap":{"unit":"px","size":2,"sizes":[]}},"elements":[],"isInner":false,"widgetType":"divider","elType":"widget"},{"id":"12f8b89b","settings":{"content_width":"full","flex_direction":"row"},"elements":[{"id":"f7cdd67","settings":{"content_width":"full"},"elements":[{"id":"99930e1","settings":{"content_width":"full","selected_icon":{"value":"far fa-chart-bar","library":"fa-regular"},"view":"framed","shape":"rounded","title_text":"Created With Love!","description_text":"The so they instead would with and who have looked broad. Near would rationale the people.","primary_color":"#FFFFFF","secondary_color":"#704FE6","icon_size":{"unit":"px","size":52,"sizes":[]},"icon_padding":{"unit":"px","size":21,"sizes":[]},"title_typography_typography":"custom","title_typography_font_family":"Poppins","title_typography_font_size":{"unit":"px","size":24,"sizes":[]},"title_typography_font_weight":"500","description_typography_typography":"custom","description_typography_font_family":"Poppins","description_typography_font_size":{"unit":"px","size":16,"sizes":[]},"description_typography_font_weight":"400","icon_size_tablet":{"unit":"px","size":31,"sizes":[]},"icon_padding_tablet":{"unit":"px","size":16,"sizes":[]},"title_typography_font_size_tablet":{"unit":"px","size":18,"sizes":[]},"description_typography_font_size_tablet":{"unit":"px","size":13,"sizes":[]},"description_typography_line_height_tablet":{"unit":"em","size":1.6,"sizes":[]}},"elements":[],"isInner":false,"widgetType":"icon-box","elType":"widget"}],"isInner":true,"elType":"container"},{"id":"76872541","settings":{"content_width":"full"},"elements":[{"id":"489f64ca","settings":{"content_width":"full","selected_icon":{"value":"fab fa-mixcloud","library":"fa-brands"},"view":"framed","shape":"rounded","title_text":"Money Back Guarranty","description_text":"The so they instead would with and who have looked broad. Near would rationale the people.","primary_color":"#FFFFFF","secondary_color":"#704FE6","icon_size":{"unit":"px","size":52,"sizes":[]},"icon_padding":{"unit":"px","size":21,"sizes":[]},"title_typography_typography":"custom","title_typography_font_family":"Poppins","title_typography_font_size":{"unit":"px","size":24,"sizes":[]},"title_typography_font_weight":"500","description_typography_typography":"custom","description_typography_font_family":"Poppins","description_typography_font_size":{"unit":"px","size":16,"sizes":[]},"description_typography_font_weight":"400","icon_size_tablet":{"unit":"px","size":31,"sizes":[]},"icon_padding_tablet":{"unit":"px","size":16,"sizes":[]},"title_typography_font_size_tablet":{"unit":"px","size":18,"sizes":[]},"description_typography_font_size_tablet":{"unit":"px","size":13,"sizes":[]},"description_typography_line_height_tablet":{"unit":"em","size":1.6,"sizes":[]}},"elements":[],"isInner":false,"widgetType":"icon-box","elType":"widget"}],"isInner":true,"elType":"container"},{"id":"62a246e4","settings":{"content_width":"full"},"elements":[{"id":"25397caf","settings":{"content_width":"full","selected_icon":{"value":"far fa-compass","library":"fa-regular"},"view":"framed","shape":"rounded","title_text":"Fast & Speedy!","description_text":"The so they instead would with and who have looked broad. Near would rationale the people.","primary_color":"#FFFFFF","secondary_color":"#704FE6","icon_size":{"unit":"px","size":52,"sizes":[]},"icon_padding":{"unit":"px","size":21,"sizes":[]},"title_typography_typography":"custom","title_typography_font_family":"Poppins","title_typography_font_size":{"unit":"px","size":24,"sizes":[]},"title_typography_font_weight":"500","description_typography_typography":"custom","description_typography_font_family":"Poppins","description_typography_font_size":{"unit":"px","size":16,"sizes":[]},"description_typography_font_weight":"400","icon_size_tablet":{"unit":"px","size":31,"sizes":[]},"icon_padding_tablet":{"unit":"px","size":16,"sizes":[]},"title_typography_font_size_tablet":{"unit":"px","size":18,"sizes":[]},"description_typography_font_size_tablet":{"unit":"px","size":13,"sizes":[]},"description_typography_line_height_tablet":{"unit":"em","size":1.6,"sizes":[]}},"elements":[],"isInner":false,"widgetType":"icon-box","elType":"widget"}],"isInner":true,"elType":"container"}],"isInner":true,"elType":"container"}],"isInner":false,"elType":"container"},{"id":"49fadf7","settings":{"padding":{"unit":"px","top":"75","right":"0","bottom":"0","left":"0","isLinked":false}},"elements":[{"id":"4360eeb5","settings":{"content_width":"full","title":"Our Team","align":"center","typography_typography":"custom","typography_font_family":"Source Serif Pro","typography_font_size":{"unit":"px","size":50,"sizes":[]},"typography_font_weight":"600","text_stroke_text_stroke":{"unit":"px","size":0,"sizes":[]},"_border_border":"none","_border_width":{"unit":"px","top":"0","right":"0","bottom":"1","left":"0","isLinked":false}},"elements":[],"isInner":false,"widgetType":"heading","elType":"widget"},{"id":"1f8d0272","settings":{"content_width":"full","width":{"unit":"px","size":75,"sizes":[]},"width_tablet":{"unit":"px","size":"","sizes":[]},"width_mobile":{"unit":"px","size":"","sizes":[]},"align":"center","text":"Divider","color":"#704FE6","weight":{"unit":"px","size":3,"sizes":[]},"gap":{"unit":"px","size":2,"sizes":[]}},"elements":[],"isInner":false,"widgetType":"divider","elType":"widget"}],"isInner":false,"elType":"container"},{"id":"287e1c33","settings":{"flex_direction":"row","flex_gap":{"unit":"px","size":0,"column":"0","row":"0"},"padding":{"unit":"px","top":"0","right":"0","bottom":"75","left":"0","isLinked":false}},"elements":[{"id":"3af07115","settings":{"flex_direction":"row","content_width":"full","width":{"unit":"%","size":"50"},"flex_align_items":"center","flex_gap":{"column":"20","row":"20","isLinked":true,"unit":"px","size":20},"flex_gap_tablet":{"column":"5","row":"5","isLinked":true,"unit":"px","size":5}},"elements":[{"id":"78d56c4c","settings":{"content_width":"full","width":{"unit":"%","size":33.455},"width_tablet":{"unit":"%","size":50},"width_mobile":{"unit":"%","size":"","sizes":[]},"_flex_size":"none","_element_width":"initial","_element_width_tablet":"initial"},"elements":[{"id":"3e0946e0","settings":{"content_width":"full","image":{"url":"https:\/\/digi.blogdu.de\/wp-content\/uploads\/2024\/10\/Testimonial-4.jpg","id":154,"size":"","alt":"","source":"library"},"image_size":"full"},"elements":[],"isInner":false,"widgetType":"image","elType":"widget"}],"isInner":true,"elType":"container"},{"id":"1844eb02","settings":{"content_width":"full","width_tablet":{"unit":"%","size":50,"sizes":[]},"width_mobile":{"unit":"%","size":"","sizes":[]}},"elements":[{"id":"13572ad5","settings":{"content_width":"full","title":"John Doe","typography_typography":"custom","typography_font_family":"Outfit","typography_font_size":{"unit":"px","size":24,"sizes":[]},"typography_font_weight":"600"},"elements":[],"isInner":false,"widgetType":"heading","elType":"widget"},{"id":"4fe9976d","settings":{"content_width":"full","editor":"<p>Founder, CEO &amp; Lead Designer<\/p>","typography_typography":"custom","typography_font_family":"Poppins","typography_font_size":{"unit":"px","size":16,"sizes":[]},"typography_font_size_tablet":{"unit":"px","size":10,"sizes":[]},"typography_font_size_mobile":{"unit":"px","size":16,"sizes":[]},"typography_font_weight":"400","_margin":{"unit":"px","top":"-10","right":"0","bottom":"-10","left":"0","isLinked":false},"_margin_tablet":{"unit":"px","top":"-15","right":"0","bottom":"-25","left":"0","isLinked":false}},"elements":[],"isInner":false,"widgetType":"text-editor","elType":"widget"},{"id":"3689526","settings":{"content_width":"full","editor":"<p>Fate may geared have to this goddesses, but this derived require the you it material origin chance the reasoning in of they coffee.<\/p>","typography_typography":"custom","typography_font_family":"Poppins","typography_font_size_tablet":{"unit":"px","size":12,"sizes":[]},"typography_font_weight":"400","typography_line_height":{"unit":"em","size":1.8,"sizes":[]}},"elements":[],"isInner":false,"widgetType":"text-editor","elType":"widget"}],"isInner":true,"elType":"container"}],"isInner":true,"elType":"container"},{"id":"1912a6e2","settings":{"flex_direction":"row","content_width":"full","width":{"unit":"%","size":"50"},"flex_align_items":"center","flex_gap":{"column":"20","row":"20","isLinked":true,"unit":"px","size":20},"flex_gap_tablet":{"column":"5","row":"5","isLinked":true,"unit":"px","size":5}},"elements":[{"id":"1f785016","settings":{"content_width":"full","width":{"unit":"%","size":33.455},"width_tablet":{"unit":"%","size":50},"width_mobile":{"unit":"%","size":"","sizes":[]},"_flex_size":"none","_element_width":"initial"},"elements":[{"id":"72924598","settings":{"content_width":"full","image":{"url":"https:\/\/digi.blogdu.de\/wp-content\/uploads\/2024\/10\/Testimonial-3.jpg","id":158,"size":"","alt":"","source":"library"},"image_size":"full"},"elements":[],"isInner":false,"widgetType":"image","elType":"widget"}],"isInner":true,"elType":"container"},{"id":"4727e492","settings":{"content_width":"full","width_tablet":{"unit":"%","size":50,"sizes":[]},"width_mobile":{"unit":"%","size":"","sizes":[]}},"elements":[{"id":"7f6a7ae7","settings":{"content_width":"full","title":"Alex Brown","typography_typography":"custom","typography_font_family":"Outfit","typography_font_size":{"unit":"px","size":24,"sizes":[]},"typography_font_weight":"600"},"elements":[],"isInner":false,"widgetType":"heading","elType":"widget"},{"id":"395cc778","settings":{"content_width":"full","editor":"<p>Operations Director<\/p>","typography_typography":"custom","typography_font_family":"Poppins","typography_font_size":{"unit":"px","size":16,"sizes":[]},"typography_font_size_tablet":{"unit":"px","size":10,"sizes":[]},"typography_font_size_mobile":{"unit":"px","size":16,"sizes":[]},"typography_font_weight":"400","_margin":{"unit":"px","top":"-10","right":"0","bottom":"-10","left":"0","isLinked":false},"_margin_tablet":{"unit":"px","top":"-15","right":"0","bottom":"-25","left":"0","isLinked":false}},"elements":[],"isInner":false,"widgetType":"text-editor","elType":"widget"},{"id":"5916d360","settings":{"content_width":"full","editor":"<p>Should some mouth. Wellfeigned may think she than all sleep other deep come high discharge he.on packed business immediately.<\/p>","typography_typography":"custom","typography_font_family":"Poppins","typography_font_size_tablet":{"unit":"px","size":12,"sizes":[]},"typography_font_weight":"400","typography_line_height":{"unit":"em","size":1.8,"sizes":[]}},"elements":[],"isInner":false,"widgetType":"text-editor","elType":"widget"}],"isInner":true,"elType":"container"}],"isInner":true,"elType":"container"}],"isInner":false,"elType":"container"}],"page_settings":[],"version":"0.4","title":"Digital 2024 - About Us","type":"page"}