{"content":[{"id":"51d06d80","settings":{"flex_direction":"row","flex_gap":{"unit":"px","size":20,"column":"20","row":"0"},"flex_align_items":"center","flex_gap_tablet":{"column":"10","row":"10","isLinked":true,"unit":"px","size":10}},"elements":[{"id":"1b65c284","settings":{"flex_direction":"column","content_width":"full","width":{"unit":"%","size":33.33},"background_background":"classic","background_image":{"url":"https:\/\/grocery.blogdu.de\/wp-content\/uploads\/2024\/11\/banner-01.webp","id":62,"size":"","alt":"","source":"library"},"background_size":"cover","border_radius":{"unit":"px","top":"10","right":"10","bottom":"10","left":"10","isLinked":true},"min_height":{"unit":"px","size":210,"sizes":[]},"flex_justify_content":"center","padding":{"unit":"px","top":"20","right":"20","bottom":"20","left":"20","isLinked":true},"background_position_tablet":"center center","padding_tablet":{"unit":"px","top":"50","right":"15","bottom":"50","left":"15","isLinked":false}},"elements":[{"id":"40a54076","settings":{"editor":"<p>Only This Week<\/p>","text_color":"#EA580C","typography_font_family":"Roboto","typography_font_weight":"400","_margin":{"unit":"px","top":"0","right":"0","bottom":"-25","left":"0","isLinked":false}},"elements":[],"isInner":false,"widgetType":"text-editor","elType":"widget"},{"id":"27d641dc","settings":{"title":"Quality eggs at an affordable price","typography_typography":"custom","typography_font_family":"Poppins","typography_font_size":{"unit":"px","size":21,"sizes":[]},"typography_font_weight":"600","typography_line_height":{"unit":"em","size":1.2,"sizes":[]},"_margin":{"unit":"%","top":"0","right":"040","bottom":"0","left":"0","isLinked":false},"_margin_tablet":{"unit":"%","top":"0","right":"0","bottom":"0","left":"0","isLinked":true},"_margin_mobile":{"unit":"%","top":"","right":"","bottom":"","left":"","isLinked":true},"_padding_tablet":{"unit":"px","top":"0","right":"0","bottom":"0","left":"0","isLinked":false}},"elements":[],"isInner":false,"widgetType":"heading","elType":"widget"},{"id":"498db8","settings":{"editor":"<p>Eat one everyday<\/p>","text_color":"#696969","typography_font_family":"Roboto","typography_font_weight":"400","_margin":{"unit":"px","top":"-15","right":"0","bottom":"-25","left":"0","isLinked":false}},"elements":[],"isInner":false,"widgetType":"text-editor","elType":"widget"},{"id":"2dc375ad","settings":{"text":"Shop Now ","selected_icon":{"value":"fas fa-long-arrow-alt-right","library":"fa-solid"},"icon_align":"row-reverse","button_text_color":"#000000","background_color":"#FFFFFF","border_border":"solid","border_width":{"unit":"px","top":"1","right":"1","bottom":"1","left":"1","isLinked":true},"border_color":"#E5E7EB","text_padding":{"unit":"px","top":"10","right":"15","bottom":"10","left":"15","isLinked":false}},"elements":[],"isInner":false,"widgetType":"button","elType":"widget"}],"isInner":true,"elType":"container"},{"id":"303d4916","settings":{"flex_direction":"column","content_width":"full","width":{"unit":"%","size":33.33},"background_background":"classic","background_image":{"url":"https:\/\/grocery.blogdu.de\/wp-content\/uploads\/2024\/11\/banner-02.webp","id":63,"size":"","alt":"","source":"library"},"background_size":"cover","border_radius":{"unit":"px","top":"10","right":"10","bottom":"10","left":"10","isLinked":true},"min_height":{"unit":"px","size":210,"sizes":[]},"flex_justify_content":"center","padding":{"unit":"px","top":"20","right":"20","bottom":"20","left":"20","isLinked":true},"background_image_tablet":{"url":"https:\/\/grocery.blogdu.de\/wp-content\/uploads\/2024\/11\/banner-02.webp","id":63,"size":"","alt":"","source":"library"},"background_position_tablet":"center center","padding_tablet":{"unit":"px","top":"50","right":"15","bottom":"50","left":"15","isLinked":false}},"elements":[{"id":"1c68d52a","settings":{"editor":"<p>Only This Week<\/p>","text_color":"#EA580C","typography_font_family":"Roboto","typography_font_weight":"400","_margin":{"unit":"px","top":"0","right":"0","bottom":"-25","left":"0","isLinked":false}},"elements":[],"isInner":false,"widgetType":"text-editor","elType":"widget"},{"id":"3931e726","settings":{"title":"Snacks that nourishes our mind & body","typography_typography":"custom","typography_font_family":"Poppins","typography_font_size":{"unit":"px","size":21,"sizes":[]},"typography_font_weight":"600","typography_line_height":{"unit":"em","size":1.2,"sizes":[]},"_margin":{"unit":"%","top":"0","right":"20","bottom":"0","left":"0","isLinked":false},"_margin_tablet":{"unit":"%","top":"0","right":"0","bottom":"0","left":"0","isLinked":true},"_margin_mobile":{"unit":"%","top":"","right":"","bottom":"","left":"","isLinked":true},"typography_font_size_tablet":{"unit":"px","size":19,"sizes":[]},"_padding_tablet":{"unit":"px","top":"0","right":"0","bottom":"0","left":"0","isLinked":false}},"elements":[],"isInner":false,"widgetType":"heading","elType":"widget"},{"id":"59d74918","settings":{"editor":"<p>Shine Everyday<\/p>","text_color":"#696969","typography_font_family":"Roboto","typography_font_weight":"400","_margin":{"unit":"px","top":"-15","right":"0","bottom":"-25","left":"0","isLinked":false}},"elements":[],"isInner":false,"widgetType":"text-editor","elType":"widget"},{"id":"6800ef23","settings":{"text":"Shop Now ","selected_icon":{"value":"fas fa-long-arrow-alt-right","library":"fa-solid"},"icon_align":"row-reverse","button_text_color":"#000000","background_color":"#FFFFFF","border_border":"solid","border_width":{"unit":"px","top":"1","right":"1","bottom":"1","left":"1","isLinked":true},"border_color":"#E5E7EB","text_padding":{"unit":"px","top":"10","right":"15","bottom":"10","left":"15","isLinked":false}},"elements":[],"isInner":false,"widgetType":"button","elType":"widget"}],"isInner":true,"elType":"container"},{"id":"6bcaca33","settings":{"flex_direction":"column","content_width":"full","width":{"unit":"%","size":33.33},"background_background":"classic","background_image":{"url":"https:\/\/grocery.blogdu.de\/wp-content\/uploads\/2024\/11\/banner-03.webp","id":64,"size":"","alt":"","source":"library"},"background_size":"cover","border_radius":{"unit":"px","top":"10","right":"10","bottom":"10","left":"10","isLinked":true},"min_height":{"unit":"px","size":210,"sizes":[]},"flex_justify_content":"center","padding":{"unit":"px","top":"20","right":"20","bottom":"20","left":"20","isLinked":true},"background_image_tablet":{"url":"https:\/\/grocery.blogdu.de\/wp-content\/uploads\/2024\/11\/banner-03.webp","id":64,"size":"","alt":"","source":"library"},"background_position_tablet":"center center","padding_tablet":{"unit":"px","top":"50","right":"15","bottom":"50","left":"15","isLinked":false}},"elements":[{"id":"7ef1d516","settings":{"editor":"<p>Only This Week<\/p>","text_color":"#EA580C","typography_font_family":"Roboto","typography_font_weight":"400","_margin":{"unit":"px","top":"0","right":"0","bottom":"-25","left":"0","isLinked":false}},"elements":[],"isInner":false,"widgetType":"text-editor","elType":"widget"},{"id":"5b82f856","settings":{"title":"Unbeatable quality, unbeatable prices.\n","typography_typography":"custom","typography_font_family":"Poppins","typography_font_size":{"unit":"px","size":21,"sizes":[]},"typography_font_weight":"600","typography_line_height":{"unit":"em","size":1.2,"sizes":[]},"_margin":{"unit":"%","top":"0","right":"30","bottom":"0","left":"0","isLinked":false},"_margin_tablet":{"unit":"%","top":"0","right":"0","bottom":"0","left":"0","isLinked":true},"_margin_mobile":{"unit":"%","top":"","right":"","bottom":"","left":"","isLinked":true},"typography_font_size_tablet":{"unit":"px","size":20,"sizes":[]},"_padding_tablet":{"unit":"px","top":"0","right":"0","bottom":"0","left":"0","isLinked":false}},"elements":[],"isInner":false,"widgetType":"heading","elType":"widget"},{"id":"30f8d010","settings":{"editor":"<p>Eat one everyday<\/p>","text_color":"#696969","typography_font_family":"Roboto","typography_font_weight":"400","_margin":{"unit":"px","top":"-15","right":"0","bottom":"-25","left":"0","isLinked":false}},"elements":[],"isInner":false,"widgetType":"text-editor","elType":"widget"},{"id":"1cba82b9","settings":{"text":"Shop Now ","selected_icon":{"value":"fas fa-long-arrow-alt-right","library":"fa-solid"},"icon_align":"row-reverse","button_text_color":"#000000","background_color":"#FFFFFF","border_border":"solid","border_width":{"unit":"px","top":"1","right":"1","bottom":"1","left":"1","isLinked":true},"border_color":"#E5E7EB","text_padding":{"unit":"px","top":"10","right":"15","bottom":"10","left":"15","isLinked":false}},"elements":[],"isInner":false,"widgetType":"button","elType":"widget"}],"isInner":true,"elType":"container"}],"isInner":false,"elType":"container"}],"page_settings":[],"version":"0.4","title":"Grocery Store - 3 Banners Section","type":"container"}